Тема,Популярность,Вопрос,Ответ
Целевая переменная: что считать отказом и инцидентом,10,"Как формально определяется отказ датчика и где находится целевая метка: отдельный код события «Неисправен» или запись в журналах ОДС, или что-то ещё? Что физически означает «Неисправен» — подтверждённая поломка устройства или шире (потеря связи, ошибка калибровки, обесточивание)? Как отличить настоящий отказ от тревожного показания, ложного срабатывания и длительного отсутствия данных? Есть ли в данных признак подтверждённого инцидента и ложного срабатывания, или его нужно восстанавливать самостоятельно?","Формального кода ""Неисправен"" нет. Определение отказа зависит от реализации конкретного производителя - часто это технические значения (например, -100, 255) или выход показаний за пределы допустимого диапазона. Физически это может означать как поломку устройства, так и внешнее воздействие (например, нагрев), при этом отдельного тревожного сигнала о поломке может не быть. Журналы с отметками о ложных срабатываниях или подтвержденных инцидентах не выгружены, так как они зависят от человеческого фактора и не интегрированы с системой мониторинга. Разделение отказов, ложных срабатываний и отсутствия данных - задача участников. Признаки инцидентов и ложных срабатываний в данных отсутствуют, их необходимо восстанавливать или имитировать самостоятельно."
Метрики оценки качества и лидерборд,9,"Сохраняются ли значения Precision > 0,7 и Recall > 0,5 из описания трека, или команда должна предложить и обосновать собственные пороги? Приоритетнее Precision или Recall? Какая метрика является основной при ранжировании решений? Будет ли единый закрытый тестовый период, по которому оцениваются все решения, или каждая команда самостоятельно выбирает схему валидации?","Указанные значения Precision 0.7 и Recall 0.5 являются плановыми (по умолчанию), а не жесткими требованиями. Если данные не позволяют достичь этих уровней, их можно снизить, обязательно обосновав это в описании MVP. Приоритетность между метриками не установлена, так как они оценивают разные аспекты (полноту обнаружения событий и точность срабатываний), и эксперты будут рассматривать их в совокупности. Единого закрытого тестового периода для самостоятельной валидации нет. Оценка решений проводится экспертами на их собственных стендах после сдачи пакета с решением и документацией согласно требованиям конкурса."
Связь каналов датчиков с объектами ОДС,8,В предоставленных файлах «справочник_каналов_датчиков.csv» и «справочник_объектов_диспетчер.csv» нет прямой связи. Как связать ид_канала_данных из журнала событий с ид_объект из справочника объектов? Есть ли таблица соответствия или правила разбора? Без этой связи невозможно строить признаки по объектам и участкам коллекторов.,"Да, действительно, такая проблема была, данные обновили - в обновленный справочник каналов добавлено поле ID объекта, которое позволяет напрямую связать каналы с объектами. Вам необходимо заново скачать обновленный файл справочника каналов, чтобы получить эту связь."
Качество и аномалии в данных,8,"Как интерпретировать значения -3276, -127, «01.01.1970 03:00:00» в поле «значение_датчика» — это коды ошибок, sentinel-значения или реальные измерения? В 2021 году датчики дыма дали ~1 млн тревог против 2–24 тыс. в остальные годы — это последствие перенастройки, массовой неисправности или реальное событие? Нужно ли исключать этот период из обучения? Что означают провалы в журнале (07–08.04.2024 — 0 строк, 01.06.2026 — 0 строк): остановка СМВУ, сбой выгрузки или реальная тишина? Как трактовать множественные значения в одну секунду и неуникальный ид_события?","Постепенно дорабатывались правила получения значений, поэтому могут быть исторические артефакты с неправильным форматом значений"
"RBAC, роли и интеграция с LDAP/AD",8,"Есть ли готовый перечень ролей и прав? Какие роли нужны кроме администратора и диспетчера: руководитель, аналитик, ремонтная бригада, наблюдатель? Должны ли разные диспетчеры видеть общие заявки и журнал или только собственные? Нужен ли журнал действий пользователей? Подключение к контроллеру домена — ключевое направление (RBAC/ABAC): есть ли тестовый контур LDAP/AD на время мероприятия? Насколько важна бэкенд-составляющая, учитывая что стандарты ГОСТов государственных ИС не позволят перенять готовое решение?","Значения типа -100, 255 и подобные являются техническими или служебными кодами производителей, которые следует игнорировать или обрабатывать как технические аномалии. Всплеск тревог в 2021 году вызван переходом на новую версию системы мониторинга - сотрудники не могли полноценно работать в двух системах одновременно, и тревоги не снимались с охраны во время профилактики. Этот период рекомендуется исключить из анализа."
Журнал ОДС и решения диспетчера,6,"Где находится журнал ОДС с подтверждёнными исходами по инцидентам: пожар, задымление, ложная тревога, проверка, неисправность, выезд бригады? Какой ключ связывает эту запись с объектом или каналом датчика? В ТЗ требуется обрабатывать журналы ОДС с решениями диспетчера, но в выгрузке их нет. Будет ли журнал решений, и есть ли в нём отметка «ложное срабатывание» со справочником причин?","Журнал ОДС ведется в отдельной системе (help desk на Django) и не интегрирован с системой мониторинга. Прямой связи (ключа) между записями в этом журнале и данными датчиков нет, так как автоматическая привязка тысяч событий к заявкам невозможна.  
Журнал решений с отметками о ложных срабатываниях выгружен не будет, так как эти данные субъективны и зависят от человеческого фактора. Участникам предлагается имитировать эти события самостоятельно."
"Отсутствующие данные: ремонты, оборудование, сварочные работы",6,"В описании задачи фигурировали журналы истории ремонтов, графики сварочных и горячих работ из АРМ-Контроль, а также реестр оборудования (люки, вентшахты, камеры, насосы, вентиляторы). Эти данные не переданы. Возможно ли их получить? Будет ли предоставлен реестр оборудования с типами объектов, датами ввода в эксплуатацию, ТО и ремонтов? Без данных по сварочным работам направление «Пожарный риск» теряет один из двух заявленных входов.","Данные по истории ремонтов, графикам работ и реестру оборудования не переданы и предоставлены не будут, так как организаторы ими не располагают. Для прогнозирования (например, наработки на отказ насосов или вентиляторов) участникам предлагается использовать усредненные значения из открытых источников. Использование данных из открытых источников рассматривается как возможность, а не ограничение, позволяющая избежать путаницы из-за специфики переходных периодов в реальных данных."
MVP: минимальный объём для сдачи,6,"Что считается достаточным минимумом: модель прогноза + дашборд с уведомлениями, или обязательна реализация всех разделов (сценарный анализ, рекомендации по ТО, черновики заявок)? Насколько важен раздел «Дополнительные требования» при оценке? Обязательна ли реальная интеграция с PostgreSQL, LDAP/AD, TLS, или допустима упрощённая реализация / mock? Есть ли требования к конкретному стеку технологий?","MVP будет считаться выполнение всех требований, прописанных в ТЗ как обязательные. Если какие-то пункты не реализованы, это допустимо при условии, что команда четко объяснит причину (например, отсутствие данных или противоречия в ТЗ). Реальная интеграция с внешними системами (LDAP/AD, TLS и др.) не требуется и невозможна по соображениям безопасности. Требований к конкретному стеку технологий нет, команды свободны в выборе инструментов. Разделы с дополнительными требованиями приветствуют, но основной приоритет - качественное выполнение обязательного минимума. Не следует увлекаться дополнительными функциями в ущерб базовым требованиям."
Интеграция с внешними системами и API,6,"ТЗ требует интеграции с системой учёта заявок в режиме получения статусов. Какая это система и есть ли у неё описанный API? Какие IT-решения использует заказчик для работы с заявками (BPM, ERP, ECM)? Какие из перечисленных в ТЗ источников (СМВУ, журналы ОДС, реестр оборудования, система учёта заявок) реально доступны на хакатоне, а что допустимо показать через mock REST API? Нужны ли примеры спецификаций API?","Система учета заявок - это собственный help desk, разработанный на Django. Реальная интеграция с ней невозможна по соображениям безопасности. Все внешние взаимодействия необходимо реализовать через шаблоны и эмуляцию событий. Никакие реальные интеграции не предоставляются. При создании эмуляции следует использовать данные, которые выглядят адекватно и правдоподобно, а не просто случайные числа."
Вычислительные ресурсы,6,"Какие ресурсы выделены на инференс модели (CPU, RAM, VRAM, размер диска)? Есть ли ограничение ресурсов на обучение? Есть ли доступ к стейдж/дев/тест стендам или эмуляторам для отладки? Есть ли тестовый контур контроллера домена на время мероприятия?","Организаторы не предоставляют вычислительные ресурсы для обучения. Команды должны самостоятельно разворачивать любые необходимые среды (тест, дев и др.) для отладки. Доступа к стейдж/дев/тест стендам или тестовому контуру контроллера домена нет. На конкурс участники сдают пакеты с решением и инструкцией, которые организаторы будут разворачивать на своих мощностях для оценки + опционально видео-презентация"
"Интерфейс: оповещения, фильтры, адаптивность",6,"Достаточно ли уведомлений внутри веб-интерфейса, или нужны push, email, SMS, Telegram для критических инцидентов? Нужна ли эскалация (звук / повторное оповещение), если диспетчер не отреагировал за N минут? Нужны ли фильтры карты по риску, типу объекта, району? Нужна ли адаптивность под планшеты / мобильные устройства или интерфейс только для десктопа? Нужна ли белая/тёмная тема? Нужно ли обновление данных автоматически без перезагрузки страницы? Нужен ли экспорт журнала в CSV/XLSX из интерфейса? Как обрабатывать ситуацию, когда несколько диспетчеров видят один инцидент — нужна ли блокировка за конкретным диспетчером?","Минимальные требования к уведомлениям описаны в ТЗ. Дополнительные каналы (push, email, SMS, Telegram), звуковые оповещения и эскалации приветствуются, но не обязательны. Фильтры - базовые, адаптивность под мобильные устройства -  не обязательное в этом году требование, но её наличие может быть в теории плюсом. Тёмная тема не обязательна и не влияет на оценку, но может выделить решение среди равных. По поводу обновлений данных - реализуйте автоматическое обновление, если это удобно пользователю и не замедляет работу системы. Блокировки карточки возможны для тех, кто начал работать с карточкой вторым, но отсутствие не является критическим недостатком (опционально)."
Геоданные и интерактивная карта,5,"ТЗ требует геоданные в GeoJSON или WKT и интерактивную карту, но в выгрузке координат нет ни у объектов, ни у каналов. Будут ли предоставлены координаты? Если нет, допускается ли сгенерировать их самостоятельно или использовать схематическую карту / иерархическое представление объектов с цветовой индикацией риска? Какой картографический движок использовать — Яндекс.Карты, 2ГИС, OpenStreetMap/Leaflet или собственную схематическую отрисовку?","не для всех данных получится достать координаты (хранятся только текущие, если датчик уже удален из системы, то координаты потеряны)"
"Несанкционированный доступ: определение, целевая метка и данные",5,"Что именно считается несанкционированным доступом и какое событие должно быть положительным классом модели? Есть ли в данных способ отличить реальное проникновение от ложного срабатывания — решения диспетчера, результаты выезда, СКУД, камеры? Должна ли модель проверять уже произошедшую тревогу или заранее прогнозировать риск НСД, и на какой горизонт?","Координаты предоставлены не будут, так как работа с внутренней системой координат заказчика выходит за рамки проекта (к тому же они специфичные). Вы можете самостоятельно сгенерировать любые линейные объекты и условные значки. Ограничений по выбору картографического движка нет - можно использовать любые инструменты, поддерживающие работу с GeoJSON. Схематичное представление объектов, не привязанное к реальным координатам, допустимо и даже рекомендуется, если оно нагляднее (например, линейная схема с пикетами). Главное - обеспечить возможность масштабирования и визуализации данных."
Критерии и формат экспертизы,5,"Как формируется итоговая оценка защиты: соотношение баллов за модель, интерфейс, защиту и т. д.? Когда проводится предварительная экспертиза (п. 17 ТЗ) и в каком формате она проходит? Как именно будет проверяться качество прогнозов на финальной экспертизе — сравнение с реальными историческими данными за отложенный период или иным способом?","Чёткого распределения баллов (весов) между моделью, интерфейсом и защитой нет. Оценка комплексная - эксперты проверяют наличие пакета и документации, выполнение обязательных требований ТЗ, реализацию сценариев, удобство интерфейса и наличие дополнительных функций. Процесс экспертизы включает сдачу решения, отбор в топ-10, получение обратной связи и возможность доработки. Формат предполагает питч-сессии, где команды презентуют свои продукты экспертам (формат уточняется у организатора ЛЦТ). Качество оценивается экспертами на основе того, видит ли заказчик реализацию требований ТЗ, работают ли сценарии и насколько логично и удобно решение."
Глубина датасета и его состав,4,"ТЗ требует глубину журналов ОДС не менее 12 лет, но в выданном датасете данные начинаются с 2019 года (7,5 лет). Будет ли догрузка более ранних периодов? Входят ли в выдачу все четыре сущности из Приложения 1 — журнал значений, реестр каналов, реестр типов каналов и дерево объектов — или только журнал срабатываний?","Глубина данных в 7,5 лет считается более чем достаточной, несмотря на указанные в ТЗ 12 лет. Ограничение связано с техническими особенностями реляционной базы данных - за этот период структура и ключи менялись настолько, что собрать более ранние данные в однотипный датасет невозможно. Догрузка данных не планируется. Предоставленный набор данных является полным и окончательным. Основное внимание уделено обновленному справочнику каналов (с добавленным ID объекта) и журналам (см/ выше)"
Приоритет направлений прогнозирования,4,"ТЗ ставит рядом прогноз отказа датчика и прогноз инцидента (пожар, подтопление, проникновение). Это два независимых результата, оцениваемых отдельно? Если за время хакатона качественно закрывается только одно направление, какое приоритетно для заказчика? Достаточно ли реализовать выбранные командой направления (например, «отказ датчика» и «НСД»), или раннее выявление пожаров и подтоплений также обязательно? Можно ли демонстрировать несколько направлений как единый блок сервиса?","Прогноз отказа датчика и прогноз инцидента - это два независимых результата, которые оцениваются отдельно. Жесткого приоритета между ними нет. Примеры, указанные в ТЗ, являются лишь ориентирами. Команды могут выбирать направления для реализации самостоятельно. Если вы решите сфокусироваться на чем-то одном или предложить свой вариант, это допустимо, при условии, что вы сможете обосновать выбор, продемонстрировать решение и объяснить, как его проверить."
Горизонт прогноза и единица события,4,"За сколько часов до отказа требуется прогноз: ровно 24 часа или любое значение не менее 24 часов? Допустимы модели с горизонтом 1 ч / 6 ч / 24 ч, если метрики лучше на коротком горизонте? Precision и Recall считаются по каналу (датчику) или по инциденту на коллекторе? Один отказ шлейфа из 75 каналов — это одно событие или 75? Допустимая частота предупреждений: сколько предупреждений в день может проверить диспетчер?","Горизонт прогноза (24 часа) является целевым значением по умолчанию, но команды могут использовать свои значения (например, 1, 6 или 24 часа), если обоснуют их выбор в пояснительной записке (и в видео-презентации при её наличии). Конкретных ограничений по частоте предупреждений нет: она должна быть комфортной для работы диспетчера. Поскольку это демонстрация возможностей, а не готовый продукт, жестких нормативов не установлено."
Формат сдачи модели и прототипа,4,"В каком формате необходимо сдать модель: .onnx, .pkl, Docker-контейнер с инференсом или CSV с предсказаниями? Обязателен ли хостинг прототипа в Yandex Cloud / SourceCraft или подойдёт любой публично доступный стенд? Нужен ли экспертам персональный доступ и до какой даты он должен оставаться доступным после 29.09?","Формат сдачи - это пакет, который можно распаковать и запустить, с обязательной инструкцией по развертыванию. Хостинг прототипа (демо-стенд) не является обязательным, но настоятельно рекомендуется как дополнительная страховка на случай проблем с развертыванием основного пакета. Ссылку на него можно дать в открытом доступе (с доступом по ссылке)"
Неполный справочник каналов,3,"В журналах 12 627 уникальных ид_канала_данных, в справочнике каналов — 11 485. У 1 142 каналов нет типа и тега; на них 9,4 млн строк и 283 эпизода «Неисправен» дольше часа. Это демонтированное оборудование или справочник неполный? Пришлёте ли полный справочник, включая демонтированные точки?","Как уже было сказано выше, справочник был неполным и будет обновлён(с добавленными ID объектов) для устранения проблем со связкой. Рекомендуется использовать обновленный справочник, который должен закрыть вопросы идентификации."
"Рекомендации по ТО, превентивные заявки и объяснимость прогноза ",3,"Что должны включать рекомендации по техническому обслуживанию и автоматически сформированная превентивная заявка: обязательные поля, тип работ, приоритет, срок, обоснование прогноза, ответственного исполнителя? Требуется ли реальная отправка заявки во внешнюю систему или достаточно создания черновика? Требуется ли объяснять каждый прогноз диспетчеру — какой уровень объяснения ожидается (ключевые факторы риска, динамика сигналов, похожие исторические случаи, текстовая рекомендация)? Предполагается ли дообучение модели на накопленных данных или достаточно описать этот механизм?","Командам предлагается самостоятельно разработать ""карточку прогноза"", которая должна включать аналитические факторы риска и описательные характеристики (например, температурные тенденции, сезонность, календарные риски).  
Реальная отправка заявок во внешние системы не требуется - достаточно создания черновика или шаблона. Уровень объяснения прогноза диспетчеру жестко не регламентирован, но система должна предоставлять понятную аналитическую карточку, помогающую принять решение.  
Дообучение модели приветствуется, но для MVP достаточно наличия самой технической возможности дообучения на накопленных данных."